Carnegie Hall,New York,,1
881 7th Ave,New York,,2
,New York,,0
Merkin Concert Hall At Kaufman Music Center,New York,,1
129 W 67th St,New York,,2
,New York,,0
Beacon Theatre,New York,,1
2124 Broadway,New York,,2
,New York,,0
Lincoln Center for the Performing Arts,New York,,1
10 Lincoln Center Plaza,New York,,2
,New York,,0
The Bowery Ballroom,New York,,1
6 Delancey St,New York,,2
,New York,,0
Radio City Music Hall,New York,,1
1260 Avenue of the Americas,New York,,2
,New York,,0
Irving Plaza,New York,,1
17 Irving Pl,New York,,2
,New York,,0
The Town Hall,New York,,1
123 W 43rd St,New York,,2
,New York,,0
Mercury Lounge,New York,,1
217 E Houston St,New York,,2
,New York,,0
Webster Hall,New York,,1
125 E 11th St,New York,,2
,New York,,0
New York Society for Ethical Culture,New York,,1
2 W 64th St,New York,,2
,New York,,0
Best Buy Theater,New York,,1
1515 Broadway,New York,,2
,New York,,0
Gramercy Theatre,New York,,1
127 E 23rd St,New York,,2
,New York,,0
Apollo Theater,New York,,1
253 W 125th St,New York,,2
,New York,,0
Terminal 5,New York,,1
610 W 56th St,New York,,2
,New York,,0
Blue Note,New York,,1
131 W 3rd St,New York,,2
,New York,,0
Madison Square Garden,New York,,1
4 Pennsylvania Plaza,New York,,2
,New York,,0
New York Philharmonic,New York,,1
10 Lincoln Square #132,New York,,2
,New York,,0
David H. Koch Theater,New York,,1
20 Lincoln Center Plaza,New York,,2
,New York,,0
Rockwood Music Hall,New York,,1
196 Allen St,New York,,2
,New York,,0
Hollywood Bowl,Los Angeles,,1
2301 N Highland Ave,Los Angeles,,2
,Los Angeles,,0
The Wiltern,Los Angeles,,1
3790 Wilshire Blvd,Los Angeles,,2
,Los Angeles,,0
Walt Disney Concert Hall,Los Angeles,,1
111 S Grand Ave,Los Angeles,,2
,Los Angeles,,0
The Orpheum Theatre,Los Angeles,,1
842 Broadway,Los Angeles,,2
,Los Angeles,,0
Music Center,Los Angeles,,1
135 N Grand Ave,Los Angeles,,2
,Los Angeles,,0
El Rey Theatre,Los Angeles,,1
5515 Wilshire Blvd,Los Angeles,,2
,Los Angeles,,0
Pantages Theatre,Los Angeles,,1
6233 Hollywood Blvd,Los Angeles,,2
,Los Angeles,,0
Grand Performances,Los Angeles,,1
350 S Grand Ave A-4,Los Angeles,,2
,Los Angeles,,0
Nokia Theatre L.A. LIVE,Los Angeles,,1
777 Chick Hearn Ct,Los Angeles,,2
,Los Angeles,,0
John Anson Ford Theatres,Los Angeles,,1
2580 Cahuenga Blvd E,Los Angeles,,2
,Los Angeles,,0
Greek Theatre,Los Angeles,,1
2700 N Vermont Ave,Los Angeles,,2
,Los Angeles,,0
The Los Angeles Theatre Center,Los Angeles,,1
514 S Spring St,Los Angeles,,2
,Los Angeles,,0
Hollywood Palladium,Los Angeles,,1
6215 Sunset Blvd,Los Angeles,,2
,Los Angeles,,0
Echoplex,Los Angeles,,1
1154 Glendale Blvd,Los Angeles,,2
,Los Angeles,,0
Shrine Auditorium and Expo Hall,Los Angeles,,1
665 W Jefferson Blvd,Los Angeles,,2
,Los Angeles,,0
Troubadour,Los Angeles,,1
9081 Santa Monica Blvd,Los Angeles,,2
,Los Angeles,,0
The Smell,Los Angeles,,1
247 S Main St,Los Angeles,,2
,Los Angeles,,0
House of Blues,Los Angeles,,1
8430 Sunset Blvd,Los Angeles,,2
,Los Angeles,,0
Los Angeles Theatre,Los Angeles,,1
615 Broadway,Los Angeles,,2
,Los Angeles,,0
STAPLES Center,Los Angeles,,1
1111 S Figueroa St,Los Angeles,,2
,Los Angeles,,0
Chicago Symphony Center,Chicago,,1
220 S Michigan Ave,Chicago,,2
,Chicago,,0
House of Blues Chicago,Chicago,,1
329 N Dearborn St,Chicago,,2
,Chicago,,0
Aragon Entertainment Center,Chicago,,1
1106 W Lawrence Ave,Chicago,,2
,Chicago,,0
Auditorium Theatre of Roosevelt University,Chicago,,1
50 E Congress Pkwy,Chicago,,2
,Chicago,,0
The Vic,Chicago,,1
3145 N Sheffield Ave,Chicago,,2
,Chicago,,0
Chicago Theatre,Chicago,,1
175 N State St,Chicago,,2
,Chicago,,0
United Center,Chicago,,1
1901 W Madison St,Chicago,,2
,Chicago,,0
Congress Theater,Chicago,,1
2135 N Milwaukee Ave,Chicago,,2
,Chicago,,0
Arie Crown Theatre,Chicago,,1
2301 S Lake Shore Dr,Chicago,,2
,Chicago,,0
Park West,Chicago,,1
322 W Armitage Ave,Chicago,,2
,Chicago,,0
FirstMerit Bank Pavilion at Northerly Island,Chicago,,1
1300 S Linn White Dr,Chicago,,2
,Chicago,,0
Riviera Theatre,Chicago,,1
4746 N Racine Ave,Chicago,,2
,Chicago,,0
Lincoln Hall,Chicago,,1
2424 N Lincoln Ave,Chicago,,2
,Chicago,,0
Bank of America Theatre,Chicago,,1
18 W Monroe St,Chicago,,2
,Chicago,,0
Harris Theater,Chicago,,1
205 E Randolph St,Chicago,,2
,Chicago,,0
Goodman Theatre,Chicago,,1
170 N Dearborn St,Chicago,,2
,Chicago,,0
Chicago Shakespeare Theater,Chicago,,1
800 E Grand Ave,Chicago,,2
,Chicago,,0
McCormick Tribune Plaza,Chicago,,1
55 N Michigan Ave,Chicago,,2
,Chicago,,0
Steppenwolf Theatre,Chicago,,1
1650 N Halsted St,Chicago,,2
,Chicago,,0
Double Door,Chicago,,1
1572 N Milwaukee Ave,Chicago,,2
,Chicago,,0
The Hobby Center for the Performing Arts,Houston,,1
800 Bagby St #300,Houston,,2
,Houston,,0
Jones Hall,Houston,,1
615 Louisiana St #101,Houston,,2
,Houston,,0
Warehouse Live,Houston,,1
813 St Emanuel St,Houston,,2
,Houston,,0
Houston Symphony,Houston,,1
615 Louisiana St #102,Houston,,2
,Houston,,0
House of Blues,Houston,,1
1204 Caroline St,Houston,,2
,Houston,,0
Miller Outdoor Theatre,Houston,,1
6000 Hermann Park Dr,Houston,,2
,Houston,,0
Arena Theatre,Houston,,1
7326 Southwest Fwy,Houston,,2
,Houston,,0
Wortham Theater Center,Houston,,1
500 Texas Ave,Houston,,2
,Houston,,0
Fitzgerald's,Houston,,1
2706 White Oak Dr,Houston,,2
,Houston,,0
Toyota center,Houston,,1
1510 Polk St,Houston,,2
,Houston,,0
Ayva Center,Houston,,1
9371 Richmond Ave,Houston,,2
,Houston,,0
Stereo Live,Houston,,1
6400 Richmond Ave,Houston,,2
,Houston,,0
Big Easy Social and Pleasure Club,Houston,,1
5731 Kirby Dr,Houston,,2
,Houston,,0
Reliant Astrodome,Houston,,1
8400 Kirby Dr,Houston,,2
,Houston,,0
Alley Theatre,Houston,,1
615 Texas Ave,Houston,,2
,Houston,,0
Bayou Music Center,Houston,,1
520 Texas St,Houston,,2
,Houston,,0
The Concert Pub,Houston,,1
5636 Richmond Ave,Houston,,2
,Houston,,0
Rudyard's British Pub,Houston,,1
2010 Waugh Dr,Houston,,2
,Houston,,0
Sambuca,Houston,,1
909 Texas Ave,Houston,,2
,Houston,,0
Lucky's Pub,Houston,,1
801 St Emanuel St,Houston,,2
,Houston,,0
Kimmel Center,Philadelphia,,1
300 S Broad St,Philadelphia,,2
,Philadelphia,,0
Electric Factory,Philadelphia,,1
421 N 7th St,Philadelphia,,2
,Philadelphia,,0
Trocadero Theatre,Philadelphia,,1
1003 Arch St,Philadelphia,,2
,Philadelphia,,0
Theatre of Living Arts,Philadelphia,,1
334 South St,Philadelphia,,2
,Philadelphia,,0
Annenberg Center for the Performing Arts,Philadelphia,,1
3680 Walnut St,Philadelphia,,2
,Philadelphia,,0
The Wilma Theater,Philadelphia,,1
265 S Broad St,Philadelphia,,2
,Philadelphia,,0
The University of the Arts,Philadelphia,,1
320 S Broad St,Philadelphia,,2
,Philadelphia,,0
World Cafe Live,Philadelphia,,1
3025 Walnut St,Philadelphia,,2
,Philadelphia,,0
Wells Fargo Center,Philadelphia,,1
3601 S Broad St,Philadelphia,,2
,Philadelphia,,0
Union Transfer,Philadelphia,,1
1026 Spring Garden St,Philadelphia,,2
,Philadelphia,,0
Johnny Brenda's,Philadelphia,,1
1201 Frankford Ave,Philadelphia,,2
,Philadelphia,,0
Forrest Theatre,Philadelphia,,1
1114 Walnut St,Philadelphia,,2
,Philadelphia,,0
Plays & Players,Philadelphia,,1
1714 Delancey Pl,Philadelphia,,2
,Philadelphia,,0
Subscriber Services,Philadelphia,,1
1420 Locust St,Philadelphia,,2
,Philadelphia,,0
The M-Room,Philadelphia,,1
15 W Girard Ave,Philadelphia,,2
,Philadelphia,,0
North Star Bar,Philadelphia,,1
2639 Poplar St,Philadelphia,,2
,Philadelphia,,0
Prince Music Theater,Philadelphia,,1
1412 Chestnut St,Philadelphia,,2
,Philadelphia,,0
Walnut Street Theater,Philadelphia,,1
825 Walnut St,Philadelphia,,2
,Philadelphia,,0
G Lounge,Philadelphia,,1
111 S 17th St,Philadelphia,,2
,Philadelphia,,0
Celebrity Theatre,Phoenix,,1
440 N 32nd St,Phoenix,,2
,Phoenix,,0
Comerica Theatre,Phoenix,,1
400 W Washington St,Phoenix,,2
,Phoenix,,0
Crescent Ballroom,Phoenix,,1
308 N 2nd Ave,Phoenix,,2
,Phoenix,,0
The Trunk Space,Phoenix,,1
1506 Grand Ave,Phoenix,,2
,Phoenix,,0
The Orpheum Theatre,Phoenix,,1
203 W Adams St,Phoenix,,2
,Phoenix,,0
Symphony Hall,Phoenix,,1
75 N 2nd St,Phoenix,,2
,Phoenix,,0
US Airways Center,Phoenix,,1
201 E Jefferson St,Phoenix,,2
,Phoenix,,0
The Rhythm Room,Phoenix,,1
1019 E Indian School Rd,Phoenix,,2
,Phoenix,,0
Herberger Theater Center,Phoenix,,1
222 E Monroe St,Phoenix,,2
,Phoenix,,0
Joe's Grotto,Phoenix,,1
13825 N 32nd St,Phoenix,,2
,Phoenix,,0
Modified Arts,Phoenix,,1
407 E Roosevelt St,Phoenix,,2
,Phoenix,,0
Phoenix Theatre,Phoenix,,1
100 E McDowell Rd,Phoenix,,2
,Phoenix,,0
Musical Instrument Museum,Phoenix,,1
4725 E Mayo Blvd,Phoenix,,2
,Phoenix,,0
FilmBar,Phoenix,,1
815 N 2nd St,Phoenix,,2
,Phoenix,,0
Trinity Episcopal Cathedral,Phoenix,,1
100 W Roosevelt St,Phoenix,,2
,Phoenix,,0
The Lost Leaf,Phoenix,,1
914 N 5th St,Phoenix,,2
,Phoenix,,0
Phoenix First Assembly of God,Phoenix,,1
13613 N Cave Creek Rd,Phoenix,,2
,Phoenix,,0
Space 55,Phoenix,,1
636 E Pierce St,Phoenix,,2
,Phoenix,,0
Char's Has the Blues,Phoenix,,1
4631 N 7th Ave,Phoenix,,2
,Phoenix,,0
The Torch Theatre,Phoenix,,1
4721 N Central Ave,Phoenix,,2
,Phoenix,,0
Majestic Theatre,San Antonio,,1
224 E Houston St,San Antonio,,2
,San Antonio,,0
Backstage Live,San Antonio,,1
1305 E Houston St,San Antonio,,2
,San Antonio,,0
The Aztec Theatre,San Antonio,,1
201 E Commerce St #300,San Antonio,,2
,San Antonio,,0
Sunken Garden Theater,San Antonio,,1
3875 N St Mary's St,San Antonio,,2
,San Antonio,,0
The White Rabbit,San Antonio,,1
2410 N St Mary's St,San Antonio,,2
,San Antonio,,0
Arneson River Theatre,San Antonio,,1
418 Villita St,San Antonio,,2
,San Antonio,,0
Trinity University Laurie Auditorium,San Antonio,,1
1 Trinity Pl,San Antonio,,2
,San Antonio,,0
Empire Theatre,San Antonio,,1
226 N St Mary's St,San Antonio,,2
,San Antonio,,0
The Magik Theatre,San Antonio,,1
420 S Alamo St,San Antonio,,2
,San Antonio,,0
The Ten Eleven,San Antonio,,1
1011 Avenue B,San Antonio,,2
,San Antonio,,0
Woodlawn Theatre,San Antonio,,1
1920 Fredericksburg Rd,San Antonio,,2
,San Antonio,,0
The Broadway 50 50,San Antonio,,1
5050 Broadway St,San Antonio,,2
,San Antonio,,0
Bella On the River,San Antonio,,1
106 River Walk St,San Antonio,,2
,San Antonio,,0
Cameo Theatre,San Antonio,,1
1123 E Commerce St,San Antonio,,2
,San Antonio,,0
Tucker's Kozy Korner,San Antonio,,1
1338 E Houston St,San Antonio,,2
,San Antonio,,0
The Falls,San Antonio,,1
226 W Bitters Rd,San Antonio,,2
,San Antonio,,0
The Josephine Theater,San Antonio,,1
339 W Josephine,San Antonio,,2
,San Antonio,,0
Nightrocker LIVE,San Antonio,,1
605 San Pedro Ave,San Antonio,,2
,San Antonio,,0
Howl At the Moon San Antonio,San Antonio,,1
111 W Crockett St,San Antonio,,2
,San Antonio,,0
Jack's Bar & Restaurant,San Antonio,,1
3030 Thousand Oaks Dr,San Antonio,,2
,San Antonio,,0
Copley Symphony Hall,San Diego,,1
750 B St,San Diego,,2
,San Diego,,0
San Diego Civic Theatre,San Diego,,1
1100 3rd Ave,San Diego,,2
,San Diego,,0
The Casbah,San Diego,,1
2501 Kettner Blvd,San Diego,,2
,San Diego,,0
Humphreys Restaurant,San Diego,,1
2241 Shelter Island Dr,San Diego,,2
,San Diego,,0
Soma,San Diego,,1
3350 Sports Arena Blvd,San Diego,,2
,San Diego,,0
Valley View Casino Center,San Diego,,1
3500 Sports Arena Blvd,San Diego,,2
,San Diego,,0
House of Blues,San Diego,,1
1055 5th Ave,San Diego,,2
,San Diego,,0
Lestat's Coffee House,San Diego,,1
3343 Adams Ave,San Diego,,2
,San Diego,,0
Brick By Brick,San Diego,,1
1130 Buenos Ave,San Diego,,2
,San Diego,,0
Spreckels Theatre,San Diego,,1
121 Broadway #600,San Diego,,2
,San Diego,,0
Soda Bar,San Diego,,1
3615 El Cajon Blvd,San Diego,,2
,San Diego,,0
Birch North Park Theatre,San Diego,,1
2891 University Ave,San Diego,,2
,San Diego,,0
Horton Grand Hotel,San Diego,,1
311 Island Ave,San Diego,,2
,San Diego,,0
Balboa Theatre,San Diego,,1
868 4th Ave,San Diego,,2
,San Diego,,0
San Diego Symphony Orchestra,San Diego,,1
1245 7th Ave,San Diego,,2
,San Diego,,0
Humphreys Concerts By The Bay,San Diego,,1
2241 Shelter Island Dr,San Diego,,2
,San Diego,,0
Queen Bee's Art and Cultural Center,San Diego,,1
3925 Ohio St,San Diego,,2
,San Diego,,0
Starlight Musical Theatre,San Diego,,1
2005 Pan American Plaza,San Diego,,2
,San Diego,,0
Anthology,San Diego,,1
1337 India St,San Diego,,2
,San Diego,,0
Hard Rock Cafe,San Diego,,1
801 4th Ave,San Diego,,2
,San Diego,,0
Gexa Energy Pavilion,Dallas,,1
1818 1st Ave,Dallas,,2
,Dallas,,0
Meyerson Symphony Center,Dallas,,1
2301 Flora St,Dallas,,2
,Dallas,,0
Granada Theater,Dallas,,1
3524 Greenville Ave,Dallas,,2
,Dallas,,0
Majestic Theatre,Dallas,,1
1925 Elm St,Dallas,,2
,Dallas,,0
House of Blues Dallas,Dallas,,1
2200 N Lamar St,Dallas,,2
,Dallas,,0
Winspear Opera House,Dallas,,1
2403 Flora St,Dallas,,2
,Dallas,,0
Lakewood Theater,Dallas,,1
1825 Abrams Rd,Dallas,,2
,Dallas,,0
The Kessler Theater,Dallas,,1
1230 W Davis St,Dallas,,2
,Dallas,,0
American Airlines Center,Dallas,,1
2500 Victory Ave,Dallas,,2
,Dallas,,0
Trees,Dallas,,1
2709 Elm St,Dallas,,2
,Dallas,,0
The Music Hall at Fair Park,Dallas,,1
909 1st Ave,Dallas,,2
,Dallas,,0
Texas Theatre,Dallas,,1
231 W Jefferson Blvd,Dallas,,2
,Dallas,,0
The Loft,Dallas,,1
1135 S Lamar St,Dallas,,2
,Dallas,,0
The Prophet Bar,Dallas,,1
2548 Elm St,Dallas,,2
,Dallas,,0
The Dallas Arts District,Dallas,,1
2200 Ross Ave #4600E,Dallas,,2
,Dallas,,0
Opening Bell Coffee,Dallas,,1
1409 S Lamar St,Dallas,,2
,Dallas,,0
The Quixotic World Magical Event Space,Dallas,,1
2824 Main St,Dallas,,2
,Dallas,,0
Life in Deep Ellum,Dallas,,1
2803 Taylor St,Dallas,,2
,Dallas,,0
Medieval Times Dinner & Tournament,Dallas,,1
2021 N Stemmons Fwy,Dallas,,2
,Dallas,,0
Mexican Heritage Plaza,San Jose,,1
1700 Alum Rock Ave,San Jose,,2
,San Jose,,0
San Jose Center for the Performing Arts,San Jose,,1
255 Almaden Blvd,San Jose,,2
,San Jose,,0
San Jose Repertory Theatre,San Jose,,1
101 Paseo De San Antonio Walk,San Jose,,2
,San Jose,,0
City Lights Theater Company of San Jose,San Jose,,1
529 S Second St,San Jose,,2
,San Jose,,0
California Theatre,San Jose,,1
345 S 1st St,San Jose,,2
,San Jose,,0
Britannia Arms,San Jose,,1
5027 Almaden Expy,San Jose,,2
,San Jose,,0
San Jose Civic Auditorium,San Jose,,1
135 W San Carlos St,San Jose,,2
,San Jose,,0
Poor House Bistro,San Jose,,1
91 S Autumn St,San Jose,,2
,San Jose,,0
The Blank Club,San Jose,,1
44 S Almaden Ave,San Jose,,2
,San Jose,,0
SAP Center,San Jose,,1
525 W Santa Clara St,San Jose,,2
,San Jose,,0
Myth Taverna & Lounge,San Jose,,1
152 Post St,San Jose,,2
,San Jose,,0
South First Billiards,San Jose,,1
420 S 1st St,San Jose,,2
,San Jose,,0
Caffe Frascati,San Jose,,1
315 S 1st St,San Jose,,2
,San Jose,,0
Azúcar Latin Bistro Mojito Bar & Lounge,San Jose,,1
71 E San Fernando St,San Jose,,2
,San Jose,,0
San Jose Stage Company,San Jose,,1
490 S 1st St,San Jose,,2
,San Jose,,0
Caravan Lounge,San Jose,,1
98 S Almaden Ave,San Jose,,2
,San Jose,,0
JJ's Blues,San Jose,,1
3439 Stevens Creek Blvd,San Jose,,2
,San Jose,,0
Lido Night Club,San Jose,,1
30 S 1st St,San Jose,,2
,San Jose,,0
Freddie J's Bar & Lounge,San Jose,,1
97 E Santa Clara St,San Jose,,2
,San Jose,,0
Hedley Club,San Jose,,1
233 W Santa Clara St,San Jose,,2
,San Jose,,0
Bass Concert Hall,Austin,,1
2350 Robert Dedman Dr,Austin,,2
,Austin,,0
Emo's,Austin,,1
2015 E Riverside Dr,Austin,,2
,Austin,,0
Stubb's BBQ,Austin,,1
801 Red River St,Austin,,2
,Austin,,0
ACL Live,Austin,,1
310 W Willie Nelson Blvd,Austin,,2
,Austin,,0
Cactus Cafe,Austin,,1
2247 Guadalupe St,Austin,,2
,Austin,,0
Austin Music Hall,Austin,,1
208 Nueces St,Austin,,2
,Austin,,0
One World Theatre,Austin,,1
7701 Bee Cave Rd,Austin,,2
,Austin,,0
Austin Symphony Orchestra,Austin,,1
1101 Red River St,Austin,,2
,Austin,,0
Red 7,Austin,,1
611 E 7th St,Austin,,2
,Austin,,0
The Long Center for the Performing Arts,Austin,,1
701 W Riverside Dr,Austin,,2
,Austin,,0
The Paramount Theatre,Austin,,1
713 Congress Ave,Austin,,2
,Austin,,0
Waterloo Records & Video,Austin,,1
600A N Lamar Blvd,Austin,,2
,Austin,,0
Scholz Garten,Austin,,1
1607 San Jacinto Blvd,Austin,,2
,Austin,,0
Lambert's Downtown Barbeque,Austin,,1
401 W 2nd St,Austin,,2
,Austin,,0
Flipnotics,Austin,,1
1601 Barton Springs Rd,Austin,,2
,Austin,,0
Historic Victory Grill,Austin,,1
1104 E 11th St,Austin,,2
,Austin,,0
Riverbend Centre,Austin,,1
4214 N Capital of Texas Hwy,Austin,,2
,Austin,,0
Mohawk,Austin,,1
912 Red River St,Austin,,2
,Austin,,0
The Belmont,Austin,,1
305 W 6th St,Austin,,2
,Austin,,0
Spider House Cafe,Austin,,1
2908 Fruth St,Austin,,2
,Austin,,0
Times-Union Center for the Performing Arts,Jacksonville,,1
300 Water St,Jacksonville,,2
,Jacksonville,,0
Florida Theatre,Jacksonville,,1
128 E Forsyth St,Jacksonville,,2
,Jacksonville,,0
Murray Hill Theatre,Jacksonville,,1
932 Edgewood Ave S,Jacksonville,,2
,Jacksonville,,0
Alhambra Theatre & Dining,Jacksonville,,1
12000 Beach Blvd,Jacksonville,,2
,Jacksonville,,0
UNF Fine Arts Center,Jacksonville,,1
11852 University of North Fl Dr,Jacksonville,,2
,Jacksonville,,0
STAGE AURORA THEATRICAL COMPANY,Jacksonville,,1
5164 Norwood Ave,Jacksonville,,2
,Jacksonville,,0
Mavericks,Jacksonville,,1
2 Independent Dr,Jacksonville,,2
,Jacksonville,,0
Theatreworks Inc,Jacksonville,,1
630 May St,Jacksonville,,2
,Jacksonville,,0
Enza's Italian Restaurant,Jacksonville,,1
10601 San Jose Blvd,Jacksonville,,2
,Jacksonville,,0
Underbelly,Jacksonville,,1
113 E Bay St,Jacksonville,,2
,Jacksonville,,0
Friday Musicale, Inc,Jacksonville,1
645 Oak St,Jacksonville,,2
,Jacksonville,,0
Mellow Mushroom Pizza Bakers,Jacksonville,,1
9734 Deer Lake Ct #1,Jacksonville,,2
,Jacksonville,,0
Aromas Cigar, Wine, & Martini Bar,1
4372 Southside Blvd #101,Jacksonville,,2
,Jacksonville,,0
Riverside Arts Market,Jacksonville,,1
715 Riverside Ave,Jacksonville,,2
,Jacksonville,,0
Dames Point Marina,Jacksonville,,1
4542 Irving Rd,Jacksonville,,2
,Jacksonville,,0
The Coffee Grinder,Jacksonville,,1
9834 Old Baymeadows Rd,Jacksonville,,2
,Jacksonville,,0
Birdies,Jacksonville,,1
1044 Park St,Jacksonville,,2
,Jacksonville,,0
Cliff's Bar & Grill,Jacksonville,,1
3033 Monument Rd #2,Jacksonville,,2
,Jacksonville,,0
MOJO no.4 Urban BBQ Whiskey Bar,Jacksonville,,1
3572 St Johns Ave,Jacksonville,,2
,Jacksonville,,0
Northeast Florida Conservatory,Jacksonville,,1
11363 San Jose Blvd,Jacksonville,,2
,Jacksonville,,0
Vogue,Indianapolis,,1
6259 N College Ave,Indianapolis,,2
,Indianapolis,,0
Old National Centre,Indianapolis,,1
502 N New Jersey St,Indianapolis,,2
,Indianapolis,,0
Radio Radio,Indianapolis,,1
1119 Prospect St,Indianapolis,,2
,Indianapolis,,0
Indiana Repertory Theatre,Indianapolis,,1
140 W Washington St,Indianapolis,,2
,Indianapolis,,0
Bankers Life Fieldhouse,Indianapolis,,1
125 S Pennsylvania St,Indianapolis,,2
,Indianapolis,,0
Madame Walker Theatre,Indianapolis,,1
617 Indiana Ave,Indianapolis,,2
,Indianapolis,,0
Birdy's Bar & Grill,Indianapolis,,1
2131 E 71st St,Indianapolis,,2
,Indianapolis,,0
Indianapolis Museum of Art,Indianapolis,,1
4000 Michigan Rd,Indianapolis,,2
,Indianapolis,,0
Indianapolis Symphony Orchestra,Indianapolis,,1
45 Monument Cir,Indianapolis,,2
,Indianapolis,,0
Indiana Landmarks,Indianapolis,,1
1201 Central Ave,Indianapolis,,2
,Indianapolis,,0
The Emerson Theater,Indianapolis,,1
4630 E 10th St,Indianapolis,,2
,Indianapolis,,0
Beef & Boards Dinner Theatre,Indianapolis,,1
9301 Michigan Rd,Indianapolis,,2
,Indianapolis,,0
Phoenix Theatre Indianapolis,Indianapolis,,1
749 N Park Ave,Indianapolis,,2
,Indianapolis,,0
Hoosier Dome,Indianapolis,,1
1627 Prospect St,Indianapolis,,2
,Indianapolis,,0
Irving Theater,Indianapolis,,1
5505 E Washington St,Indianapolis,,2
,Indianapolis,,0
Jazz Kitchen,Indianapolis,,1
5377 N College Ave,Indianapolis,,2
,Indianapolis,,0
The Sanctuary on Penn,Indianapolis,,1
701 N Pennsylvania St,Indianapolis,,2
,Indianapolis,,0
Theatre On the Square,Indianapolis,,1
627 Massachusetts Ave,Indianapolis,,2
,Indianapolis,,0
IndyFringe,Indianapolis,,1
719 East St Clair Street,Indianapolis,,2
,Indianapolis,,0
Melody Inn,Indianapolis,,1
3826 N Illinois St,Indianapolis,,2
,Indianapolis,,0
Great American Music Hall,San Francisco,,1
859 O'Farrell St,San Francisco,,2
,San Francisco,,0
The Fillmore,San Francisco,,1
1805 Geary Blvd,San Francisco,,2
,San Francisco,,0
The Warfield,San Francisco,,1
982 Market St,San Francisco,,2
,San Francisco,,0
The Independent,San Francisco,,1
628 Divisadero St,San Francisco,,2
,San Francisco,,0
Bottom of the Hill,San Francisco,,1
1233 17th St,San Francisco,,2
,San Francisco,,0
Slim's,San Francisco,,1
333 11th St,San Francisco,,2
,San Francisco,,0
Cafe Du Nord,San Francisco,,1
2170 Market St,San Francisco,,2
,San Francisco,,0
Rickshaw Stop,San Francisco,,1
155 Fell St,San Francisco,,2
,San Francisco,,0
SHN Orpheum Theatre,San Francisco,,1
1192 Market St,San Francisco,,2
,San Francisco,,0
The Regency Center,San Francisco,,1
1290 Sutter St,San Francisco,,2
,San Francisco,,0
Herbst Theater,San Francisco,,1
401 Van Ness Ave,San Francisco,,2
,San Francisco,,0
Mezzanine,San Francisco,,1
444 Jessie St,San Francisco,,2
,San Francisco,,0
Amnesia,San Francisco,,1
853 Valencia St,San Francisco,,2
,San Francisco,,0
Yerba Buena Center for the Arts,San Francisco,,1
701 Mission St,San Francisco,,2
,San Francisco,,0
Bimbo's 365 Club,San Francisco,,1
1025 Columbus Ave,San Francisco,,2
,San Francisco,,0
The American Conservatory Theater,San Francisco,,1
415 Geary St,San Francisco,,2
,San Francisco,,0
San Francisco Opera,San Francisco,,1
301 Van Ness Ave,San Francisco,,2
,San Francisco,,0
DNA Lounge,San Francisco,,1
375 Eleventh St,San Francisco,,2
,San Francisco,,0
The Castro Theatre,San Francisco,,1
429 Castro St,San Francisco,,2
,San Francisco,,0
Yoshi's San Francisco,San Francisco,,1
1330 Fillmore St,San Francisco,,2
,San Francisco,,0
Newport Music Hall,Columbus,,1
1722 N High St,Columbus,,2
,Columbus,,0
Lifestyle Communities Pavilion,Columbus,,1
405 Neil Ave,Columbus,,2
,Columbus,,0
A&R Music Bar,Columbus,,1
391 Neil Ave,Columbus,,2
,Columbus,,0
Palace Theatre,Columbus,,1
34 W Broad St,Columbus,,2
,Columbus,,0
Lincoln Theatre,Columbus,,1
769 E Long St,Columbus,,2
,Columbus,,0
Ohio Theatre,Columbus,,1
39 E State St,Columbus,,2
,Columbus,,0
Wexner Center for the Arts,Columbus,,1
1871 N High St,Columbus,,2
,Columbus,,0
Alrosa Villa,Columbus,,1
5055 Sinclair Rd,Columbus,,2
,Columbus,,0
Skully's Music-Diner,Columbus,,1
1151 N High St,Columbus,,2
,Columbus,,0
The Bluestone,Columbus,,1
583 E Broad St,Columbus,,2
,Columbus,,0
Southern Theatre,Columbus,,1
21 E Main St,Columbus,,2
,Columbus,,0
Shadowbox Live,Columbus,,1
503 S Front St #260,Columbus,,2
,Columbus,,0
Hollywood Casino Columbus,Columbus,,1
200 Georgesville Rd,Columbus,,2
,Columbus,,0
Rumba Cafe,Columbus,,1
2507 Summit St,Columbus,,2
,Columbus,,0
Double Happiness,Columbus,,1
482 S Front St,Columbus,,2
,Columbus,,0
The Shrunken Head,Columbus,,1
251 W 5th Ave,Columbus,,2
,Columbus,,0
Kobo,Columbus,,1
2590 N High St,Columbus,,2
,Columbus,,0
MadLab,Columbus,,1
227 N 3rd St,Columbus,,2
,Columbus,,0
The Tree Bar,Columbus,,1
887 Chambers Rd,Columbus,,2
,Columbus,,0
Big Bang Dueling Piano Bar,Columbus,,1
401 N Front St,Columbus,,2
,Columbus,,0
Bass Performance Hall,Fort Worth,,1
525 Commerce St,Fort Worth,,2
,Fort Worth,,0
Casa Manana Inc,Fort Worth,,1
3101 W Lancaster Ave,Fort Worth,,2
,Fort Worth,,0
Stage West Theatre,Fort Worth,,1
821 W Vickery Blvd,Fort Worth,,2
,Fort Worth,,0
Circle Theatre,Fort Worth,,1
230 W 4th St,Fort Worth,,2
,Fort Worth,,0
Jubilee Theatre,Fort Worth,,1
506 Main St,Fort Worth,,2
,Fort Worth,,0
Fort Worth Community Arts Center,Fort Worth,,1
1300 Gendy St,Fort Worth,,2
,Fort Worth,,0
The Live Oak Music Hall & Lounge,Fort Worth,,1
1311 Lipscomb St,Fort Worth,,2
,Fort Worth,,0
The Aardvark,Fort Worth,,1
2905 W Berry St,Fort Worth,,2
,Fort Worth,,0
Keys Lounge,Fort Worth,,1
5677 Westcreek Dr Suite H,Fort Worth,,2
,Fort Worth,,0
Woodshed Smokehouse,Fort Worth,,1
3201 Riverfront Dr,Fort Worth,,2
,Fort Worth,,0
Magnolia Motor Lounge,Fort Worth,,1
3005 Morton St,Fort Worth,,2
,Fort Worth,,0
Ridglea Theater,Fort Worth,,1
6025 Camp Bowie Boulevard,Fort Worth,,2
,Fort Worth,,0
Ed Landreth Auditorium,Fort Worth,,1
2800 S University Dr,Fort Worth,,2
,Fort Worth,,0
The Pour House,Fort Worth,,1
2725 W 7th St,Fort Worth,,2
,Fort Worth,,0
Fred's Texas Cafe,Fort Worth,,1
915 Currie St,Fort Worth,,2
,Fort Worth,,0
Jefferson Freedom Cafe,Fort Worth,,1
1959 Sandy Ln,Fort Worth,,2
,Fort Worth,,0
The Rail Club,Fort Worth,,1
3101 Joyce Dr,Fort Worth,,2
,Fort Worth,,0
Lola's Saloon Sixth,Fort Worth,,1
2736 W 6th St,Fort Worth,,2
,Fort Worth,,0
Thirsty Armadillo,Fort Worth,,1
120 W Exchange Ave,Fort Worth,,2
,Fort Worth,,0
Chimy's,Fort Worth,,1
1053 Foch St,Fort Worth,,2
,Fort Worth,,0
Verizon Wireless Amphitheater Charlotte,Charlotte,,1
707 Pavilion Blvd,Charlotte,,2
,Charlotte,,0
Amos' Southend,Charlotte,,1
1423 S Tryon St,Charlotte,,2
,Charlotte,,0
Tremont Music Hall,Charlotte,,1
400 W Tremont Ave,Charlotte,,2
,Charlotte,,0
The Visulite Theatre,Charlotte,,1
1615 Elizabeth Ave,Charlotte,,2
,Charlotte,,0
Blumenthal Performing Arts Center,Charlotte,,1
130 N Tyron St,Charlotte,,2
,Charlotte,,0
Bojangles' Coliseum,Charlotte,,1
2700 E Independence Blvd,Charlotte,,2
,Charlotte,,0
Ovens Auditorium,Charlotte,,1
2700 E Independence Blvd,Charlotte,,2
,Charlotte,,0
NC Music Factory,Charlotte,,1
1000 NC Music Factory Blvd,Charlotte,,2
,Charlotte,,0
Double Door Inn,Charlotte,,1
1218 Charlottetowne Ave,Charlotte,,2
,Charlotte,,0
The Fillmore Charlotte,Charlotte,,1
1000 NC Music Factory Blvd,Charlotte,,2
,Charlotte,,0
Whisky River,Charlotte,,1
210 E Trade St A-208,Charlotte,,2
,Charlotte,,0
The World Famous Milestone,Charlotte,,1
3400 Tuckaseegee Rd,Charlotte,,2
,Charlotte,,0
The Saloon,Charlotte,,1
900 NC Music Factory Blvd,Charlotte,,2
,Charlotte,,0
The Harvey B. Gantt Center for African-American Arts + Culture,Charlotte,,1
551 S Tryon St,Charlotte,,2
,Charlotte,,0
Blue Restaurant & Bar,Charlotte,,1
206 N College St,Charlotte,,2
,Charlotte,,0
Wild Wing Cafe,Charlotte,,1
210 E Trade St #262,Charlotte,,2
,Charlotte,,0
Philosopher's Stone Tavern,Charlotte,,1
1958 E 7th St,Charlotte,,2
,Charlotte,,0
The Evening Muse,Charlotte,,1
3227 N Davidson St,Charlotte,,2
,Charlotte,,0
Tempo,Charlotte,,1
4809 Wilkinson Blvd,Charlotte,,2
,Charlotte,,0
Time Warner Cable Uptown Amphitheatre Charlotte,Charlotte,,1
1000 NC Music Factory Blvd,Charlotte,,2
,Charlotte,,0
The Fillmore Detroit,Detroit,,1
2115 Woodward Ave,Detroit,,2
,Detroit,,0
Masonic Temple Theater,Detroit,,1
500 Temple St,Detroit,,2
,Detroit,,0
Gem & Century Theatres,Detroit,,1
333 Madison St,Detroit,,2
,Detroit,,0
Fox Theatre,Detroit,,1
2211 Woodward Ave,Detroit,,2
,Detroit,,0
Detroit Opera House,Detroit,,1
1526 Broadway St,Detroit,,2
,Detroit,,0
City Theatre,Detroit,,1
2301 Woodward Ave,Detroit,,2
,Detroit,,0
Fisher Theatre,Detroit,,1
3011 W Grand Blvd,Detroit,,2
,Detroit,,0
Saint Andrew's Hall,Detroit,,1
431 E Congress St,Detroit,,2
,Detroit,,0
Magic Stick,Detroit,,1
4120 Woodward Ave,Detroit,,2
,Detroit,,0
Max M. Fisher Music Center,Detroit,,1
3711 Woodward Ave,Detroit,,2
,Detroit,,0
Music Hall Center for the Performing Arts,Detroit,,1
350 Madison St,Detroit,,2
,Detroit,,0
Harpos Concert Theatre,Detroit,,1
14238 Harper Ave,Detroit,,2
,Detroit,,0
Cliff Bell's,Detroit,,1
2030 Park Ave,Detroit,,2
,Detroit,,0
Detroit Repertory Theatre,Detroit,,1
13103 Woodrow Wilson St,Detroit,,2
,Detroit,,0
PJ's Lager House,Detroit,,1
1254 Michigan Ave,Detroit,,2
,Detroit,,0
The Redford Theater,Detroit,,1
17360 Lahser Rd,Detroit,,2
,Detroit,,0
Chene Park,Detroit,,1
2600 Atwater St,Detroit,,2
,Detroit,,0
Corktown Tavern,Detroit,,1
1716 Michigan Ave,Detroit,,2
,Detroit,,0
1515 Broadway,Detroit,,1
1515 Broadway St,Detroit,,2
,Detroit,,0
Abraham Chavez Theatre,El Paso,,1
1 Civic Center Plz,El Paso,,2
,El Paso,,0
Speaking Rock Entertainment Center,El Paso,,1
122 S Old Pueblo Rd,El Paso,,2
,El Paso,,0
Adventure Zone,El Paso,,1
251 E Redd Rd,El Paso,,2
,El Paso,,0
The Percolator,El Paso,,1
217 N Stanton St,El Paso,,2
,El Paso,,0
King's X,El Paso,,1
4119 N Mesa St,El Paso,,2
,El Paso,,0
Aceitunas Beer Garden,El Paso,,1
5200 Doniphan Dr,El Paso,,2
,El Paso,,0
House of Rock,El Paso,,1
931 N Resler Dr,El Paso,,2
,El Paso,,0
Mesa Street Bar & Grill,El Paso,,1
2525 N Mesa St,El Paso,,2
,El Paso,,0
El Paso Kids-N-Co,El Paso,,1
1301 Texas Ave,El Paso,,2
,El Paso,,0
El Paso Dj Service El Paso DJ's Disco,El Paso,,1
9501 Gschwind Ave,El Paso,,2
,El Paso,,0
CLUB 101,El Paso,,1
1148 Airway Blvd,El Paso,,2
,El Paso,,0
El Paso Party DJ,El Paso,,1
525 Merriman Dr,El Paso,,2
,El Paso,,0
The Dome Restaurant,El Paso,,1
101 S El Paso St,El Paso,,2
,El Paso,,0
Utep Dinner Theatre,El Paso,,1
209 Union Bldg W,El Paso,,2
,El Paso,,0
El Paso Playhouse,El Paso,,1
2501 Montana Ave,El Paso,,2
,El Paso,,0
Lancer Hall,El Paso,,1
3135 Trawood Dr,El Paso,,2
,El Paso,,0
Evolution Enterprises,El Paso,,1
1514 Hal Marcus Pl,El Paso,,2
,El Paso,,0
Tricky Falls / Bowie Feathers,El Paso,,1
209 S El Paso St,El Paso,,2
,El Paso,,0
Little Bit of Texas,El Paso,,1
5500 Doniphan Dr,El Paso,,2
,El Paso,,0
El Paso's Finest Discotheque,El Paso,,1
1741 Trawood Dr,El Paso,,2
,El Paso,,0
Minglewood Hall,Memphis,,1
1555 Madison Ave,Memphis,,2
,Memphis,,0
Orpheum Theatre,Memphis,,1
203 S Main St,Memphis,,2
,Memphis,,0
The New Daisy Theatre,Memphis,,1
330 Beale St,Memphis,,2
,Memphis,,0
Newby's,Memphis,,1
539 S Highland St,Memphis,,2
,Memphis,,0
Boscos Squared,Memphis,,1
2120 Madison Ave,Memphis,,2
,Memphis,,0
Alfred's On Beale,Memphis,,1
197 Beale St,Memphis,,2
,Memphis,,0
Huey's Downtown,Memphis,,1
77 S 2nd St,Memphis,,2
,Memphis,,0
Levitt Shell,Memphis,,1
1928 Poplar Ave,Memphis,,2
,Memphis,,0
Mid-South Coliseum,Memphis,,1
996 Early Maxwell Blvd,Memphis,,2
,Memphis,,0
Cannon Center For The Performing Arts,Memphis,,1
255 N Main St,Memphis,,2
,Memphis,,0
Center For Southern Folklore,Memphis,,1
119 S Main St,Memphis,,2
,Memphis,,0
Theatre Memphis,Memphis,,1
630 Perkins Extd,Memphis,,2
,Memphis,,0
Playhouse On the Square,Memphis,,1
66 S Cooper St,Memphis,,2
,Memphis,,0
Otherlands Coffee Bar,Memphis,,1
641 S Cooper St,Memphis,,2
,Memphis,,0
Bartlett Performing Arts and Conference Center,Memphis,,1
3663 Appling Rd,Memphis,,2
,Memphis,,0
Memphis Symphony Orchestra,Memphis,,1
585 S Mendenhall Rd,Memphis,,2
,Memphis,,0
Mr Handy's Blues Hall,Memphis,,1
182 Beale St,Memphis,,2
,Memphis,,0
Voices of the South,Memphis,,1
1000 S Cooper St,Memphis,,2
,Memphis,,0
Lamplighter Lounge,Memphis,,1
1702 Madison Ave,Memphis,,2
,Memphis,,0
Brinsons,Memphis,,1
341 Madison Ave,Memphis,,2
,Memphis,,0
Boston Symphony Orchestra,Boston,,1
301 Massachusetts Ave,Boston,,2
,Boston,,0
Bank of America Pavilion,Boston,,1
290 Northern Ave,Boston,,2
,Boston,,0
Jordan Hall,Boston,,1
30 Gainsborough St,Boston,,2
,Boston,,0
Paradise Rock Club,Boston,,1
967 Commonwealth Ave,Boston,,2
,Boston,,0
Wang Theater,Boston,,1
270 Tremont St,Boston,,2
,Boston,,0
Wilbur Theatre,Boston,,1
246 Tremont St,Boston,,2
,Boston,,0
Berklee Performance Center,Boston,,1
136 Massachusetts Ave,Boston,,2
,Boston,,0
Boston Opera House,Boston,,1
539 Washington St,Boston,,2
,Boston,,0
The Lansdowne,Boston,,1
9 Lansdowne St,Boston,,2
,Boston,,0
Brighton Music Hall,Boston,,1
158 Brighton Ave,Boston,,2
,Boston,,0
Tsai Performance Center,Boston,,1
685 Commonwealth Ave,Boston,,2
,Boston,,0
Orpheum Theatre,Boston,,1
1 Hamilton Pl,Boston,,2
,Boston,,0
Great Scott,Boston,,1
1222 Commonwealth Ave,Boston,,2
,Boston,,0
Charles Playhouse,Boston,,1
74 Warrenton St,Boston,,2
,Boston,,0
House of Blues,Boston,,1
15 Lansdowne St,Boston,,2
,Boston,,0
DCR's Hatch Memorial Shell,Boston,,1
47 David G Mugar Way,Boston,,2
,Boston,,0
The Paramount Center,Boston,,1
559 Washington St,Boston,,2
,Boston,,0
Boston Center For the Arts,Boston,,1
539 Tremont St,Boston,,2
,Boston,,0
Royale,Boston,,1
279 Tremont St,Boston,,2
,Boston,,0
Benaroya Hall,Seattle,,1
200 University St,Seattle,,2
,Seattle,,0
Showbox at the Market,Seattle,,1
1426 1st Ave,Seattle,,2
,Seattle,,0
Neumos,Seattle,,1
925 E Pike St,Seattle,,2
,Seattle,,0
The Triple Door,Seattle,,1
216 Union St,Seattle,,2
,Seattle,,0
El Corazon,Seattle,,1
109 Eastlake Ave E,Seattle,,2
,Seattle,,0
The Paramount Theatre,Seattle,,1
911 Pine St,Seattle,,2
,Seattle,,0
The Crocodile,Seattle,,1
2200 2nd Ave,Seattle,,2
,Seattle,,0
Town Hall Seattle,Seattle,,1
1119 8th Ave,Seattle,,2
,Seattle,,0
Neptune Theatre,Seattle,,1
1303 NE 45th St,Seattle,,2
,Seattle,,0
Showbox SoDo,Seattle,,1
1700 1st Ave S,Seattle,,2
,Seattle,,0
The 5th Avenue Theatre,Seattle,,1
1308 5th Ave,Seattle,,2
,Seattle,,0
EMP Museum,Seattle,,1
325 5th Ave N,Seattle,,2
,Seattle,,0
Seattle Center,Seattle,,1
305 Harrison St,Seattle,,2
,Seattle,,0
ACT Theatre,Seattle,,1
700 Union St,Seattle,,2
,Seattle,,0
Soundbridge Seattle Symphony Music Discovery Center,Seattle,,1
200 University St,Seattle,,2
,Seattle,,0
The Moore Theatre,Seattle,,1
1932 2nd Ave,Seattle,,2
,Seattle,,0
Seattle Repertory Theatre,Seattle,,1
155 Mercer St,Seattle,,2
,Seattle,,0
Broadway Performance Hall,Seattle,,1
1625 Broadway,Seattle,,2
,Seattle,,0
Daniels Recital Hall,Seattle,,1
801 5th Ave,Seattle,,2
,Seattle,,0
Intiman,Seattle,,1
201 Mercer St,Seattle,,2
,Seattle,,0
Boettcher Concert Hall,Denver,,1
1000 14th St,Denver,,2
,Denver,,0
The Fillmore Auditorium,Denver,,1
1510 Clarkson St,Denver,,2
,Denver,,0
The Ogden Theater,Denver,,1
935 E Colfax Ave,Denver,,2
,Denver,,0
Bluebird Theater,Denver,,1
3317 E Colfax Ave,Denver,,2
,Denver,,0
Paramount Theatre,Denver,,1
1621 Glenarm Pl,Denver,,2
,Denver,,0
Ellie Caulkins Opera House,Denver,,1
1101 13th St,Denver,,2
,Denver,,0
Avenue Theater,Denver,,1
417 E 17th Ave,Denver,,2
,Denver,,0
Cervantes' Masterpiece Ballroom,Denver,,1
2637 Welton St,Denver,,2
,Denver,,0
Summit Music Hall,Denver,,1
1902 Blake St,Denver,,2
,Denver,,0
Jazz At Jack's,Denver,,1
500 16th Street Mall #320,Denver,,2
,Denver,,0
Pepsi Center,Denver,,1
1000 Chopper Cir,Denver,,2
,Denver,,0
Casselman's Bar and Venue,Denver,,1
2620 Walnut St,Denver,,2
,Denver,,0
The Colorado Convention Center,Denver,,1
700 14th St,Denver,,2
,Denver,,0
Denver Coliseum,Denver,,1
4600 Humboldt St,Denver,,2
,Denver,,0
Mercury Cafe,Denver,,1
2199 California St,Denver,,2
,Denver,,0
The Hi-Dive,Denver,,1
7 S Broadway,Denver,,2
,Denver,,0
City Hall Event Center,Denver,,1
1144 Broadway,Denver,,2
,Denver,,0
Vine Street Pub & Brewery,Denver,,1
1700 Vine St,Denver,,2
,Denver,,0
Beta Nightclub,Denver,,1
1909 Blake St,Denver,,2
,Denver,,0
Schermerhorn Symphony Center | Nashville Symphony,Nashville,,1
1 Symphony Pl,Nashville,,2
,Nashville,,0
Ryman Auditorium,Nashville,,1
116 5th Ave N,Nashville,,2
,Nashville,,0
Exit/In,Nashville,,1
2208 Elliston Pl,Nashville,,2
,Nashville,,0
Grand Ole Opry,Nashville,,1
2804 Opryland Dr,Nashville,,2
,Nashville,,0
Mercy Lounge,Nashville,,1
1 Cannery Row,Nashville,,2
,Nashville,,0
Marathon Music Works,Nashville,,1
1402 Clinton St,Nashville,,2
,Nashville,,0
Wildhorse Saloon,Nashville,,1
120 2nd Ave N,Nashville,,2
,Nashville,,0
Station Inn,Nashville,,1
402 12th Ave S,Nashville,,2
,Nashville,,0
TPAC,Nashville,,1
505 Deaderick St,Nashville,,2
,Nashville,,0
Gaylord Opryland Resort & Convention Center,Nashville,,1
2800 Opryland Dr,Nashville,,2
,Nashville,,0
Belcourt Theatre,Nashville,,1
2102 Belcourt Ave,Nashville,,2
,Nashville,,0
Sambuca,Nashville,,1
601 12th Ave S,Nashville,,2
,Nashville,,0
12th & Porter,Nashville,,1
114 12th Ave N,Nashville,,2
,Nashville,,0
Bourbon Street Blues & Boogie Bar,Nashville,,1
220 Printers Alley,Nashville,,2
,Nashville,,0
Rocketown,Nashville,,1
601 4th Ave S,Nashville,,2
,Nashville,,0
Third Man Records,Nashville,,1
623 7th Ave S,Nashville,,2
,Nashville,,0
Tootsie's Orchid Lounge,Nashville,,1
422 Broadway,Nashville,,2
,Nashville,,0
BB King's Blues Club,Nashville,,1
152 2nd Ave N,Nashville,,2
,Nashville,,0
The Bluebird Cafe,Nashville,,1
4104 Hillsboro Pike,Nashville,,2
,Nashville,,0
Puckett's Grocery & Restaurant,Nashville,,1
500 Church St,Nashville,,2
,Nashville,,0
Pier Six Pavillion,Baltimore,,1
731 Eastern Ave,Baltimore,,2
,Baltimore,,0
Joseph Meyerhoff Symphony Hall,Baltimore,,1
1212 Cathedral St,Baltimore,,2
,Baltimore,,0
1st Mariner Arena,Baltimore,,1
201 W Baltimore St,Baltimore,,2
,Baltimore,,0
Rams Head Live!,Baltimore,,1
20 Market Pl,Baltimore,,2
,Baltimore,,0
Shriver Hall Concert Series,Baltimore,,1
3400 N Charles St,Baltimore,,2
,Baltimore,,0
Baltimore Soundstage,Baltimore,,1
124 Market Pl,Baltimore,,2
,Baltimore,,0
The Lyric Opera House,Baltimore,,1
140 W Mt Royal Ave,Baltimore,,2
,Baltimore,,0
An Die Musik,Baltimore,,1
409 N Charles St,Baltimore,,2
,Baltimore,,0
Centerstage,Baltimore,,1
700 N Calvert St,Baltimore,,2
,Baltimore,,0
Hippodrome Theatre,Baltimore,,1
12 N Eutaw St,Baltimore,,2
,Baltimore,,0
Ottobar,Baltimore,,1
2549 N Howard St,Baltimore,,2
,Baltimore,,0
The 8x10,Baltimore,,1
10 E Cross St,Baltimore,,2
,Baltimore,,0
Joe Squared,Baltimore,,1
133 W North Ave,Baltimore,,2
,Baltimore,,0
The James Joyce Pub,Baltimore,,1
616 S President St,Baltimore,,2
,Baltimore,,0
Mobtown Ballroom,Baltimore,,1
861 Washington Blvd,Baltimore,,2
,Baltimore,,0
Baltimore Theater Project,Baltimore,,1
45 W Preston St,Baltimore,,2
,Baltimore,,0
Howl at the Moon Baltimore,Baltimore,,1
22 Market Pl,Baltimore,,2
,Baltimore,,0
Modell Performing Arts Center at the Lyric,Baltimore,,1
140 W Mt Royal Ave,Baltimore,,2
,Baltimore,,0
The Horse You Came In On Saloon,Baltimore,,1
1626 Thames St,Baltimore,,2
,Baltimore,,0
Metro Gallery,Baltimore,,1
1700 N Charles St,Baltimore,,2
,Baltimore,,0
Headliners Music Hall,Louisville,,1
1386 Lexington Rd,Louisville,,2
,Louisville,,0
The Louisville Palace,Louisville,,1
625 S 4th St,Louisville,,2
,Louisville,,0
The Kentucky Center for the Performing Arts,Louisville,,1
501 W Main St,Louisville,,2
,Louisville,,0
Memorial Auditorium,Louisville,,1
970 S 4th St,Louisville,,2
,Louisville,,0
Actors Theatre of Louisville,Louisville,,1
316 W Main St,Louisville,,2
,Louisville,,0
Clifton Center,Louisville,,1
2117 Payne St,Louisville,,2
,Louisville,,0
KentuckyShow!,Louisville,,1
501 W Main St,Louisville,,2
,Louisville,,0
The Alley Theater,Louisville,,1
1205 E Washington St #120,Louisville,,2
,Louisville,,0
The Bard's Town,Louisville,,1
1801 Bardstown Rd,Louisville,,2
,Louisville,,0
The Belvedere,Louisville,,1
485 W Main St,Louisville,,2
,Louisville,,0
Gerstles Place,Louisville,,1
3801 Frankfort Ave,Louisville,,2
,Louisville,,0
Howl at the Moon Louisville,Louisville,,1
434 S 4th St,Louisville,,2
,Louisville,,0
Vernon Club Llc,Louisville,,1
1575 Story Ave,Louisville,,2
,Louisville,,0
Louisville Orchestra,Louisville,,1
323 W Broadway #700,Louisville,,2
,Louisville,,0
Uncle Slayton's,Louisville,,1
1017 E Broadway,Louisville,,2
,Louisville,,0
W L Lyons Brown Theatre,Louisville,,1
315 W Broadway,Louisville,,2
,Louisville,,0
Gist Piano Center,Louisville,,1
1714 Lincoln Ave,Louisville,,2
,Louisville,,0
Walden Theatre,Louisville,,1
1123 Payne St,Louisville,,2
,Louisville,,0
JazzyBlu,Louisville,,1
815 W Market St,Louisville,,2
,Louisville,,0
Pride of Kentucky Chorus,Louisville,,1
2117 Payne St,Louisville,,2
,Louisville,,0
Arlene Schnitzer Concert Hall,Portland,,1
1037 SW Broadway,Portland,,2
,Portland,,0
Newmark Theatre,Portland,,1
1111 SW Broadway,Portland,,2
,Portland,,0
Crystal Ballroom,Portland,,1
1332 W Burnside St,Portland,,2
,Portland,,0
Aladdin Theater,Portland,,1
3017 SE Milwaukie Ave,Portland,,2
,Portland,,0
Keller Auditorium,Portland,,1
222 SW Clay St,Portland,,2
,Portland,,0
Doug Fir Restaurant,Portland,,1
830 E Burnside St,Portland,,2
,Portland,,0
Roseland Theater,Portland,,1
8 NW 6th Ave,Portland,,2
,Portland,,0
Hawthorne Theatre,Portland,,1
1507 SE 39th Ave,Portland,,2
,Portland,,0
Dante's,Portland,,1
350 W Burnside St,Portland,,2
,Portland,,0
The Old Church,Portland,,1
1422 SW 11th Ave,Portland,,2
,Portland,,0
Holocene,Portland,,1
1001 SE Morrison St,Portland,,2
,Portland,,0
Gerding Theater At The Armory,Portland,,1
128 NW 11th Ave,Portland,,2
,Portland,,0
Star Theater Portland,Portland,,1
13 NW 6th Ave,Portland,,2
,Portland,,0
Alberta Rose Theatre,Portland,,1
3000 NE Alberta St,Portland,,2
,Portland,,0
Wonder Ballroom,Portland,,1
128 NE Russell St,Portland,,2
,Portland,,0
Backspace,Portland,,1
115 NW 5th Ave,Portland,,2
,Portland,,0
Mississippi Studios and Bar Bar,Portland,,1
3939 N Mississippi Ave,Portland,,2
,Portland,,0
The Secret Society,Portland,,1
116 NE Russell St,Portland,,2
,Portland,,0
Slabtown,Portland,,1
1033 NW 16th Ave,Portland,,2
,Portland,,0
Chesapeake Energy Arena,Oklahoma City,,1
100 W Reno Ave,Oklahoma City,,2
,Oklahoma City,,0
Civic Center Music Hall,Oklahoma City,,1
201 N Walker Ave,Oklahoma City,,2
,Oklahoma City,,0
Lyric Theatre of Oklahoma,Oklahoma City,,1
1727 NW 16th St,Oklahoma City,,2
,Oklahoma City,,0
Blue Door,Oklahoma City,,1
2805 N McKinley Ave,Oklahoma City,,2
,Oklahoma City,,0
TapWerks Ale House & Cafe,Oklahoma City,,1
121 E Sheridan Ave,Oklahoma City,,2
,Oklahoma City,,0
Blue Note,Oklahoma City,,1
2408 N Robinson Ave,Oklahoma City,,2
,Oklahoma City,,0
Mickey Mantle's Steakhouse,Oklahoma City,,1
7 S Mickey Mantle Dr,Oklahoma City,,2
,Oklahoma City,,0
Belle Isle Restaurant & Brewery,Oklahoma City,,1
1900 NW Expy,Oklahoma City,,2
,Oklahoma City,,0
Jewel Box Theatre,Oklahoma City,,1
3700 N Walker Ave,Oklahoma City,,2
,Oklahoma City,,0
Oklahoma City Philharmonic,Oklahoma City,,1
428 W California Ave #210,Oklahoma City,,2
,Oklahoma City,,0
Hilo Club,Oklahoma City,,1
1221 NW 50th St,Oklahoma City,,2
,Oklahoma City,,0
Oklahoma Children's Theatre,Oklahoma City,,1
2501 N Blackwelder Ave,Oklahoma City,,2
,Oklahoma City,,0
Centennial Rodeo Opry,Oklahoma City,,1
2221 Exchange Ave,Oklahoma City,,2
,Oklahoma City,,0
Carpenter Square Theatre,Oklahoma City,,1
900 W Main St #100,Oklahoma City,,2
,Oklahoma City,,0
The Yellow Rose Dinner Theater,Oklahoma City,,1
1005 SW 4th St,Oklahoma City,,2
,Oklahoma City,,0
Trixies,Oklahoma City,,1
1514 SE 44th St,Oklahoma City,,2
,Oklahoma City,,0
Kush Lounge,Oklahoma City,,1
12124 N Pennsylvania Ave,Oklahoma City,,2
,Oklahoma City,,0
Rose State Performing Arts,Oklahoma City,,1
6420 SE 15th St,Oklahoma City,,2
,Oklahoma City,,0
Ambassador's Concert Choir,Oklahoma City,,1
1500 NE 4th St,Oklahoma City,,2
,Oklahoma City,,0
Ghostlight Theatre Club,Oklahoma City,,1
3110 N Walker Ave,Oklahoma City,,2
,Oklahoma City,,0
The Pabst Theater,Milwaukee,,1
144 E Wells St,Milwaukee,,2
,Milwaukee,,0
The Riverside Theater,Milwaukee,,1
116 W Wisconsin Ave,Milwaukee,,2
,Milwaukee,,0
The Rave / Eagles Club,Milwaukee,,1
2401 W Wisconsin Ave,Milwaukee,,2
,Milwaukee,,0
Marcus Center For The Performing Arts,Milwaukee,,1
929 N Water St,Milwaukee,,2
,Milwaukee,,0
Marcus Amphitheater,Milwaukee,,1
200 N Harbor Dr,Milwaukee,,2
,Milwaukee,,0
The Milwaukee Theater,Milwaukee,,1
500 W Kilbourn Ave,Milwaukee,,2
,Milwaukee,,0
Broadway Theatre Center,Milwaukee,,1
158 N Broadway,Milwaukee,,2
,Milwaukee,,0
The Mad Planet,Milwaukee,,1
533 E Center St,Milwaukee,,2
,Milwaukee,,0
Potawatomi Bingo Casino,Milwaukee,,1
1721 W Canal St,Milwaukee,,2
,Milwaukee,,0
Shank Hall,Milwaukee,,1
1434 N Farwell Ave,Milwaukee,,2
,Milwaukee,,0
BMO Harris Bradley Center,Milwaukee,,1
1001 N 4th St,Milwaukee,,2
,Milwaukee,,0
Milwaukee Repertory Theater,Milwaukee,,1
108 E Wells St,Milwaukee,,2
,Milwaukee,,0
Henry W. Maier Festival Park,Milwaukee,,1
200 N Harbor Dr,Milwaukee,,2
,Milwaukee,,0
Lucille's Piano Bar & Grill,Milwaukee,,1
1110 N Old World 3rd St,Milwaukee,,2
,Milwaukee,,0
Whiskey Bar,Milwaukee,,1
788 N Jackson St,Milwaukee,,2
,Milwaukee,,0
First Stage,Milwaukee,,1
325 W Walnut St,Milwaukee,,2
,Milwaukee,,0
Red Rock Saloon,Milwaukee,,1
1227 N Water St,Milwaukee,,2
,Milwaukee,,0
Milwaukee Youth Arts Center,Milwaukee,,1
325 W Walnut St,Milwaukee,,2
,Milwaukee,,0
Next Act Theatre,Milwaukee,,1
255 S Water St,Milwaukee,,2
,Milwaukee,,0
The Northern Lights Theater,Milwaukee,,1
1721 W Canal St,Milwaukee,,2
,Milwaukee,,0
The Joint,Las Vegas,,1
4455 Paradise Rd,Las Vegas,,2
,Las Vegas,,0
Las Vegas Philharmonic,Las Vegas,,1
1412 S Jones Blvd,Las Vegas,,2
,Las Vegas,,0
Fremont Street Experience,Las Vegas,,1
425 Fremont St,Las Vegas,,2
,Las Vegas,,0
Cashman Center,Las Vegas,,1
850 Las Vegas Blvd N,Las Vegas,,2
,Las Vegas,,0
The Colosseum,Las Vegas,,1
3570 Las Vegas Blvd S,Las Vegas,,2
,Las Vegas,,0
Gold Coast Hotel and Casino Las Vegas,Las Vegas,,1
4000 W Flamingo Rd,Las Vegas,,2
,Las Vegas,,0
Pearl Concert Theater,Las Vegas,,1
4321 W Flamingo Rd,Las Vegas,,2
,Las Vegas,,0
Mystère by Cirque Du Soleil,Las Vegas,,1
3300 S Las Vegas Blvd,Las Vegas,,2
,Las Vegas,,0
Hard Rock Hotel & Casino,Las Vegas,,1
4455 Paradise Rd,Las Vegas,,2
,Las Vegas,,0
Freakin' Frog,Las Vegas,,1
4700 S Maryland Pkwy #8,Las Vegas,,2
,Las Vegas,,0
Hard Rock Cafe Las Vegas,Las Vegas,,1
3771 S Las Vegas Blvd,Las Vegas,,2
,Las Vegas,,0
House of Blues Las Vegas,Las Vegas,,1
3950 Las Vegas Blvd S,Las Vegas,,2
,Las Vegas,,0
Jimmy Buffett's Margaritaville - Las Vegas,Las Vegas,,1
3555 S Las Vegas Blvd,Las Vegas,,2
,Las Vegas,,0
Penn and Teller Theater,Las Vegas,,1
3700 W Flamingo Rd,Las Vegas,,2
,Las Vegas,,0
The Smith Center,Las Vegas,,1
361 Symphony Park Ave,Las Vegas,,2
,Las Vegas,,0
Marquee Nightclub & Dayclub,Las Vegas,,1
3708 S Las Vegas Blvd,Las Vegas,,2
,Las Vegas,,0
Le Reve,Las Vegas,,1
3131 S Las Vegas Blvd,Las Vegas,,2
,Las Vegas,,0
Tournament of Kings,Las Vegas,,1
3850 S Las Vegas Blvd,Las Vegas,,2
,Las Vegas,,0
Suncoast Hotel & Casino,Las Vegas,,1
9090 Alta Dr,Las Vegas,,2
,Las Vegas,,0
The Beat Coffeehouse & Records,Las Vegas,,1
520 Fremont St,Las Vegas,,2
,Las Vegas,,0
National Hispanic Cultural Center,Albuquerque,,1
1701 4th St SW,Albuquerque,,2
,Albuquerque,,0
Kimo Theatre,Albuquerque,,1
423 Central Ave NW,Albuquerque,,2
,Albuquerque,,0
Albuquerque Little Theatre,Albuquerque,,1
224 San Pasquale Ave SW,Albuquerque,,2
,Albuquerque,,0
Popejoy Hall Administration Office,Albuquerque,,1
203 Cornell Dr SE,Albuquerque,,2
,Albuquerque,,0
The Vortex Theatre,Albuquerque,,1
2004 Central Ave SE,Albuquerque,,2
,Albuquerque,,0
El Rey Theater,Albuquerque,,1
620 Central Ave SW,Albuquerque,,2
,Albuquerque,,0
Adobe Theater,Albuquerque,,1
9813 4th St NW,Albuquerque,,2
,Albuquerque,,0
The Box Performance Space,Albuquerque,,1
114 Gold Ave SW,Albuquerque,,2
,Albuquerque,,0
Low Spirits,Albuquerque,,1
2823 2nd St NW,Albuquerque,,2
,Albuquerque,,0
Graham Central Station,Albuquerque,,1
4770 Montgomery Blvd NE,Albuquerque,,2
,Albuquerque,,0
Sunshine Theater,Albuquerque,,1
120 Central Ave SW,Albuquerque,,2
,Albuquerque,,0
Action Audio Visual,Albuquerque,,1
3301 Coors Blvd NW #194,Albuquerque,,2
,Albuquerque,,0
Brickyard Pizza,Albuquerque,,1
2216 Central Ave SE,Albuquerque,,2
,Albuquerque,,0
The Drop Nightclub,Albuquerque,,1
